title,category,price,quantity
  Elden Ring  , Action RPG ,59.99, 15
 Cyberpunk 2077, Action RPG, 49.99 ,8
Grand Theft Auto V ,Action, 29.99,30
  FIFA 24  , Sports , 69.99, 12
The Witcher 3 , Action RPG , 39.99, 25
  Minecraft  , Sandbox , 26.95 , 50
Call of Duty: MW3 , Shooter , 69.99 , 10
  Red Dead Redemption 2 , Action RPG, 59.99 , 18
God of War Ragnarok , Action , 59.99 , 7
 NBA 2K24 , Sports , 59.99 , 14
Hades , Roguelike , 24.99 , 22
  Hollow Knight  , Metroidvania, 14.99 , 35
Forza Horizon 5 , Racing , 59.99 , 9
  Overwatch 2 , Shooter , 0.00 , 100
Valorant , Shooter , 0.00 , 80
  Stardew Valley , Simulation , 14.99 , 40
Resident Evil 4 , Survival Horror , 59.99 , 6
  Tekken 8 , Fighting , 69.99 , 11
It Takes Two , Co-Op , 39.99 , 16
  Demon's Souls  , Action RPG , 69.99 , 5